"Account Portfolio - Transaction Inquiry"," "," "," "," ",

"Account Number : 1234567890"
"Name : SAMPLE COMPANY"
"Period : 01/05/2024 - 31/05/2024"
"Currency Code : Rp"
"Transaction Date","Description","Branch","Amount","Balance"
"01/05","SAMPLE CREDIT TRANSACTION","0000","1,500,000.00 CR","5,000,000.00"
"02/05","SAMPLE DEBIT TRANSACTION","0000","500,000.00 DB","4,500,000.00"
"03/05","ANOTHER CREDIT","0000","250,000.00 CR","4,750,000.00"
"Saldo Awal","","","","4,000,000.00"
"Mutasi Kredit :","","","","1,750,000.00"
"Mutasi Debet :","","","","500,000.00"
"Saldo Akhir","","","","4,750,000.00"
